{
  "sample_splits": {
    "train": [
      0,
      34369
    ],
    "val": [
      34464,
      45889
    ],
    "test": [
      45984,
      57409
    ]
  },
  "timestep_borders": {
    "train_end": 34560,
    "val_end": 46080,
    "test_end": 57600
  },
  "scaler": {
    "mean": [
      41.56351852416992,
      12.296357154846191,
      46.63531494140625,
      10.54537296295166,
      1.1863940954208374,
      -2.36576771736145,
      26.872426986694336
    ],
    "std": [
      10.468250274658203,
      4.604145526885986,
      16.854366302490234,
      3.0248122215270996,
      4.653040885925293,
      8.463425636291504,
      11.5807466506958
    ]
  },
  "sparsify_cfg": {
    "mechanism": "mcar",
    "sparsity": 0.6,
    "seed": 0
  },
  "seq_len": 96,
  "pred_len": 96,
  "features": "M",
  "target": "OT",
  "feature_cols": [
    "HUFL",
    "HULL",
    "MUFL",
    "MULL",
    "LUFL",
    "LULL",
    "OT"
  ],
  "n_features_in": 7,
  "n_features_out": 7,
  "total_timesteps": 69680,
  "n_total_samples": 69489
}