{
  "sample_splits": {
    "train": [
      0,
      8449
    ],
    "val": [
      8544,
      11329
    ],
    "test": [
      11424,
      14209
    ]
  },
  "timestep_borders": {
    "train_end": 8640,
    "val_end": 11520,
    "test_end": 14400
  },
  "scaler": {
    "mean": [
      7.937742233276367,
      2.02103853225708,
      5.079770565032959,
      0.746185839176178,
      2.7817623615264893,
      0.7884531021118164,
      17.12826156616211
    ],
    "std": [
      5.812748908996582,
      2.090104579925537,
      5.51879358291626,
      1.9263792037963867,
      1.0235226154327393,
      0.6302366852760315,
      9.176490783691406
    ]
  },
  "sparsify_cfg": {
    "mechanism": "periodic",
    "sparsity": 0.25,
    "seed": 0
  },
  "seq_len": 96,
  "pred_len": 96,
  "features": "M",
  "target": "OT",
  "feature_cols": [
    "HUFL",
    "HULL",
    "MUFL",
    "MULL",
    "LUFL",
    "LULL",
    "OT"
  ],
  "n_features_in": 7,
  "n_features_out": 7,
  "total_timesteps": 17420,
  "n_total_samples": 17229
}